{"stats":{"minecraft:mined":{"minecraft:spruce_log":6},"minecraft:used":{"minecraft:wooden_axe":3},"minecraft:custom":{"minecraft:jump":80,"minecraft:time_since_rest":5075,"minecraft:damage_dealt":156,"minecraft:damage_taken":40,"minecraft:sprint_one_cm":5746,"minecraft:play_time":5075,"minecraft:time_since_death":5075,"minecraft:walk_one_cm":13662,"minecraft:total_world_time":5075,"minecraft:interact_with_crafting_table":1,"minecraft:fall_one_cm":1581,"minecraft:fly_one_cm":7909},"minecraft:picked_up":{"minecraft:spruce_log":7},"minecraft:crafted":{"minecraft:spruce_planks":28,"minecraft:stick":4,"minecraft:wooden_pickaxe":1,"minecraft:wooden_axe":1}},"DataVersion":3465}