{"stats":{"minecraft:dropped":{"minecraft:sweet_berries":7,"magistuarmory:iron_zweihander":1,"minecraft:torch":6,"born_in_chaos_v1:corpse_maggot":14,"tombstone:bone_needle":1},"minecraft:custom":{"minecraft:interact_with_furnace":25,"minecraft:mob_kills":21,"minecraft:interact_with_crafting_table":14,"minecraft:damage_dealt_resisted":256,"minecraft:leave_game":2,"minecraft:time_since_death":46645,"minecraft:sleep_in_bed":1,"minecraft:time_since_rest":63,"minecraft:sprint_one_cm":66859,"minecraft:damage_taken":1680,"minecraft:walk_one_cm":189485,"minecraft:drop":11,"minecraft:damage_dealt":2928,"minecraft:damage_dealt_absorbed":26,"minecraft:talked_to_villager":1,"minecraft:fly_one_cm":40739,"minecraft:open_chest":9,"minecraft:crouch_one_cm":5549,"minecraft:play_time":71040,"tombstone:undead_killed":5,"minecraft:deaths":4,"minecraft:sneak_time":1828,"minecraft:walk_under_water_one_cm":544,"minecraft:jump":795,"minecraft:interact_with_blast_furnace":8,"minecraft:walk_on_water_one_cm":264,"minecraft:total_world_time":71040,"minecraft:fall_one_cm":13544},"minecraft:mined":{"minecraft:redstone_block":1,"minecraft:brewing_stand":2,"minecraft:crafting_table":2,"minecraft:torch":4,"minecraft:blast_furnace":2,"minecraft:cobblestone":2,"minecraft:spruce_leaves":7,"minecraft:wall_torch":1,"minecraft:spawner":4,"minecraft:lime_bed":1,"minecraft:furnace":3,"minecraft:carrots":1,"minecraft:iron_ore":13,"minecraft:sweet_berry_bush":16,"minecraft:spruce_log":12,"minecraft:coal_ore":47,"minecraft:iron_bars":1,"minecraft:stone":29,"minecraft:fern":1},"minecraft:crafted":{"minecraft:smooth_stone":3,"magistuarmory:steel_zweihander":1,"minecraft:spruce_planks":52,"minecraft:wooden_pickaxe":1,"magistuarmory:iron_zweihander":1,"minecraft:furnace":1,"minecraft:blast_furnace":1,"minecraft:stone":2,"minecraft:stone_axe":1,"magistuarmory:iron_shortsword":1,"minecraft:air":0,"magistuarmory:hilt":4,"magistuarmory:steel_shortsword":1,"magistuarmory:steel_ingot":8,"minecraft:stick":12,"minecraft:iron_ingot":21,"minecraft:stone_pickaxe":1,"minecraft:wooden_axe":1,"magistuarmory:leather_strip":6},"minecraft:used":{"minecraft:stone_pickaxe":94,"minecraft:wooden_pickaxe":10,"minecraft:redstone_block":1,"minecraft:rotten_flesh":7,"minecraft:torch":8,"minecraft:crafting_table":1,"minecraft:carrot":3,"minecraft:blast_furnace":2,"minecraft:wooden_axe":9,"magistuarmory:steel_zweihander":4,"minecraft:stone_axe":56,"minecraft:cobblestone":11,"minecraft:potion":1,"minecraft:beef":5,"minecraft:sweet_berries":18,"minecraft:furnace":2,"tombstone:gift":4,"minecraft:potato":11},"minecraft:killed":{"born_in_chaos_v1:fallen_chaos_knight":1,"undead_revamp2:thebeartamer":1,"born_in_chaos_v1:maggot":3,"minecraft:skeleton":1,"minecraft:zombie":1,"born_in_chaos_v1:corpse_fly":8,"alexsmobs:fly":1,"undead_revamp2:thespitter":1,"minecraft:cow":3},"minecraft:killed_by":{"minecraft:zombie":2,"born_in_chaos_v1:fallen_chaos_knight":1},"minecraft:picked_up":{"born_in_chaos_v1:corpse_maggot":14,"minecraft:lime_bed":1,"minecraft:crafting_table":2,"minecraft:redstone_block":2,"minecraft:leather":5,"minecraft:oak_stairs":4,"minecraft:potion":1,"minecraft:oak_log":3,"minecraft:brewing_stand":2,"minecraft:string":2,"minecraft:beef":5,"minecraft:oak_planks":3,"minecraft:furnace":3,"minecraft:stick":2,"minecraft:raw_iron":11,"minecraft:stone":1,"minecraft:sweet_berries":23,"minecraft:torch":15,"tombstone:bone_needle":1,"minecraft:carrot":3,"minecraft:spruce_sapling":1,"born_in_chaos_v1:pieceofdarkmetal":2,"minecraft:blast_furnace":2,"minecraft:spruce_log":13,"minecraft:arrow":2,"minecraft:rotten_flesh":15,"sophisticatedbackpacks:copper_backpack":1,"alexsmobs:maggot":2,"minecraft:iron_bars":1,"minecraft:coal":142,"minecraft:cobblestone":30}},"DataVersion":3465}