{"stats":{"minecraft:broken":{"minecraft:leather_boots":1},"minecraft:killed":{"born_in_chaos_v1:fallen_chaos_knight":1,"undead_revamp2:thehunter":1,"undead_revamp2:thebeartamer":1,"minecraft:creeper":1,"born_in_chaos_v1:maggot":8,"minecraft:skeleton":5,"minecraft:zombie":9,"born_in_chaos_v1:corpse_fly":10,"enemyexpansion:botfly":1,"undead_revamp2:therod":5,"alexsmobs:fly":1,"undead_revamp2:thespitter":1,"minecraft:cow":3},"minecraft:killed_by":{"minecraft:skeleton":2,"minecraft:zombie":3,"born_in_chaos_v1:fallen_chaos_knight":1},"minecraft:mined":{"minecraft:redstone_block":1,"minecraft:brewing_stand":3,"minecraft:crafting_table":2,"minecraft:torch":4,"minecraft:blast_furnace":2,"minecraft:cobblestone":2,"minecraft:spruce_leaves":7,"minecraft:wall_torch":1,"minecraft:spawner":10,"minecraft:lime_bed":1,"minecraft:furnace":3,"minecraft:carrots":1,"minecraft:iron_ore":13,"minecraft:sweet_berry_bush":16,"minecraft:spruce_log":12,"minecraft:coal_ore":47,"minecraft:iron_bars":1,"minecraft:stone":29,"minecraft:fern":1},"minecraft:picked_up":{"born_in_chaos_v1:corpse_maggot":19,"minecraft:lime_bed":1,"minecraft:crafting_table":2,"minecraft:redstone_block":2,"minecraft:leather":5,"minecraft:oak_stairs":4,"minecraft:potion":1,"minecraft:oak_log":3,"undead_revamp2:huntereye":1,"minecraft:brewing_stand":3,"minecraft:gunpowder":2,"minecraft:string":2,"minecraft:leather_boots":2,"minecraft:bone":8,"minecraft:beef":5,"tombstone:bag_of_seeds":1,"minecraft:oak_planks":3,"minecraft:furnace":3,"minecraft:stick":2,"minecraft:raw_iron":11,"minecraft:stone":1,"minecraft:sweet_berries":23,"minecraft:copper_ingot":5,"minecraft:torch":15,"tombstone:grave_dust":1,"tombstone:bone_needle":1,"minecraft:spruce_sapling":1,"minecraft:blast_furnace":2,"minecraft:spruce_log":13,"born_in_chaos_v1:pieceofdarkmetal":2,"minecraft:carrot":4,"minecraft:bundle":1,"minecraft:arrow":8,"minecraft:rotten_flesh":27,"minecraft:chainmail_leggings":1,"sophisticatedbackpacks:copper_backpack":1,"alexsmobs:maggot":2,"minecraft:iron_bars":2,"minecraft:coal":142,"minecraft:cobblestone":30},"minecraft:custom":{"minecraft:interact_with_furnace":27,"minecraft:mob_kills":48,"minecraft:interact_with_crafting_table":14,"minecraft:damage_dealt_resisted":303,"minecraft:leave_game":3,"minecraft:time_since_death":7570,"minecraft:sleep_in_bed":1,"minecraft:time_since_rest":7426,"minecraft:sprint_one_cm":126974,"minecraft:damage_taken":3602,"minecraft:walk_one_cm":291467,"minecraft:drop":13,"minecraft:damage_dealt":5503,"minecraft:damage_dealt_absorbed":26,"minecraft:talked_to_villager":1,"minecraft:fly_one_cm":45105,"minecraft:open_chest":25,"minecraft:crouch_one_cm":5549,"minecraft:play_time":88479,"tombstone:undead_killed":23,"minecraft:deaths":7,"minecraft:sneak_time":1828,"minecraft:walk_under_water_one_cm":544,"minecraft:jump":832,"minecraft:interact_with_blast_furnace":8,"minecraft:walk_on_water_one_cm":264,"minecraft:total_world_time":88479,"minecraft:fall_one_cm":14239},"minecraft:dropped":{"minecraft:sweet_berries":7,"minecraft:cooked_beef":2,"magistuarmory:iron_zweihander":1,"minecraft:torch":6,"born_in_chaos_v1:corpse_maggot":14,"tombstone:bone_needle":1},"minecraft:crafted":{"minecraft:smooth_stone":3,"magistuarmory:steel_zweihander":1,"minecraft:spruce_planks":52,"minecraft:wooden_pickaxe":1,"magistuarmory:iron_zweihander":1,"minecraft:furnace":1,"minecraft:blast_furnace":1,"minecraft:stone":2,"minecraft:stone_axe":1,"magistuarmory:iron_shortsword":1,"minecraft:air":0,"magistuarmory:hilt":4,"magistuarmory:steel_shortsword":1,"minecraft:stick":12,"magistuarmory:steel_ingot":8,"minecraft:iron_ingot":21,"minecraft:stone_pickaxe":1,"minecraft:wooden_axe":1,"magistuarmory:leather_strip":6},"minecraft:used":{"minecraft:cooked_mutton":2,"minecraft:stone_pickaxe":101,"minecraft:wooden_pickaxe":10,"minecraft:redstone_block":1,"minecraft:rotten_flesh":7,"minecraft:torch":19,"minecraft:brewing_stand":1,"minecraft:crafting_table":1,"minecraft:blast_furnace":2,"minecraft:carrot":8,"born_in_chaos_v1:corpse_maggot":1,"minecraft:wooden_axe":9,"minecraft:apple":3,"magistuarmory:steel_zweihander":39,"minecraft:stone_axe":62,"minecraft:potion":1,"minecraft:cobblestone":11,"minecraft:beef":5,"minecraft:sweet_berries":18,"minecraft:furnace":2,"tombstone:gift":6,"minecraft:cooked_beef":7,"minecraft:potato":11}},"DataVersion":3465}