{"stats":{"minecraft:broken":{"minecraft:leather_boots":1},"minecraft:killed":{"born_in_chaos_v1:fallen_chaos_knight":1,"undead_revamp2:thehunter":4,"born_in_chaos_v1:zombie_lumberjack":1,"born_in_chaos_v1:restless_spirit":2,"undead_revamp2:the_moonflower":1,"minecraft:spider":1,"undead_revamp2:thebeartamer":1,"minecraft:creeper":2,"born_in_chaos_v1:maggot":11,"minecraft:skeleton":16,"undead_revamp2:thesomnolence":7,"born_in_chaos_v1:zombie_fisherman":1,"minecraft:zombie":10,"born_in_chaos_v1:corpse_fly":21,"enemyexpansion:botfly":1,"undead_revamp2:theskeeper":1,"undead_revamp2:therod":5,"alexsmobs:fly":1,"undead_revamp2:sucker":1,"undead_revamp2:thespitter":1,"minecraft:cow":3},"minecraft:killed_by":{"minecraft:skeleton":3,"minecraft:zombie":3,"born_in_chaos_v1:corpse_fly":1,"born_in_chaos_v1:fallen_chaos_knight":1},"minecraft:mined":{"minecraft:redstone_block":1,"minecraft:brewing_stand":3,"minecraft:crafting_table":3,"minecraft:torch":4,"minecraft:blast_furnace":2,"minecraft:cobblestone":2,"minecraft:spruce_leaves":7,"minecraft:wall_torch":1,"minecraft:spawner":12,"minecraft:lime_bed":1,"minecraft:furnace":6,"minecraft:carrots":1,"minecraft:iron_ore":23,"minecraft:sweet_berry_bush":16,"minecraft:spruce_log":12,"minecraft:coal_ore":47,"minecraft:iron_bars":3,"minecraft:stone":29,"minecraft:fern":1},"minecraft:picked_up":{"born_in_chaos_v1:corpse_maggot":28,"minecraft:lime_bed":1,"minecraft:crafting_table":3,"minecraft:redstone_block":2,"minecraft:leather":5,"minecraft:golden_leggings":1,"minecraft:oak_stairs":4,"minecraft:potion":1,"minecraft:oak_log":35,"minecraft:chain":2,"undead_revamp2:huntereye":1,"minecraft:brewing_stand":3,"minecraft:gunpowder":3,"minecraft:dirt":1,"minecraft:string":2,"minecraft:leather_boots":2,"minecraft:bone":22,"minecraft:bow":1,"minecraft:oak_boat":1,"minecraft:beef":5,"tombstone:bag_of_seeds":1,"minecraft:oak_planks":3,"minecraft:furnace":8,"minecraft:stick":2,"minecraft:raw_iron":21,"minecraft:stone":1,"minecraft:sweet_berries":23,"minecraft:copper_ingot":5,"minecraft:torch":15,"born_in_chaos_v1:ethereal_spirit":2,"minecraft:dried_kelp":1,"tombstone:grave_dust":1,"tombstone:bone_needle":1,"minecraft:spruce_sapling":1,"minecraft:blast_furnace":2,"minecraft:spruce_log":13,"born_in_chaos_v1:pieceofdarkmetal":2,"minecraft:carrot":4,"minecraft:bundle":1,"minecraft:arrow":20,"minecraft:rotten_flesh":36,"minecraft:chainmail_leggings":2,"sophisticatedbackpacks:copper_backpack":1,"alexsmobs:maggot":4,"born_in_chaos_v1:rotten_fish":1,"minecraft:iron_bars":4,"minecraft:coal":194,"minecraft:cobblestone":31,"minecraft:ender_pearl":1},"minecraft:custom":{"minecraft:interact_with_furnace":36,"minecraft:mob_kills":93,"minecraft:interact_with_crafting_table":15,"minecraft:damage_dealt_resisted":591,"minecraft:leave_game":3,"minecraft:time_since_death":17477,"minecraft:sleep_in_bed":1,"minecraft:time_since_rest":17029,"minecraft:sprint_one_cm":202305,"minecraft:damage_taken":4876,"minecraft:walk_one_cm":415084,"minecraft:drop":29,"minecraft:damage_dealt":9766,"minecraft:swim_one_cm":983,"minecraft:damage_dealt_absorbed":26,"minecraft:talked_to_villager":1,"minecraft:fly_one_cm":62524,"minecraft:open_chest":45,"minecraft:crouch_one_cm":5766,"minecraft:play_time":124479,"tombstone:undead_killed":43,"minecraft:deaths":9,"minecraft:sneak_time":1966,"minecraft:walk_under_water_one_cm":7015,"minecraft:boat_one_cm":17157,"minecraft:jump":1135,"minecraft:interact_with_blast_furnace":8,"minecraft:walk_on_water_one_cm":7661,"minecraft:total_world_time":124479,"minecraft:fall_one_cm":18223},"minecraft:crafted":{"minecraft:oak_planks":76,"minecraft:smooth_stone":3,"magistuarmory:steel_zweihander":1,"minecraft:spruce_planks":52,"minecraft:wooden_pickaxe":1,"magistuarmory:iron_zweihander":1,"minecraft:furnace":1,"minecraft:blast_furnace":1,"minecraft:stone":2,"minecraft:stone_axe":1,"magistuarmory:iron_shortsword":1,"minecraft:air":0,"magistuarmory:hilt":4,"born_in_chaos_v1:fried_maggot":7,"magistuarmory:steel_shortsword":1,"minecraft:stick":12,"magistuarmory:steel_ingot":8,"minecraft:iron_ingot":21,"minecraft:stone_pickaxe":1,"minecraft:wooden_axe":1,"magistuarmory:leather_strip":6},"minecraft:used":{"minecraft:cooked_mutton":2,"minecraft:stone_pickaxe":118,"minecraft:baked_potato":1,"minecraft:wooden_pickaxe":10,"minecraft:redstone_block":1,"born_in_chaos_v1:fried_maggot":5,"minecraft:rotten_flesh":11,"minecraft:torch":19,"minecraft:brewing_stand":1,"minecraft:crafting_table":2,"minecraft:blast_furnace":2,"minecraft:carrot":8,"born_in_chaos_v1:corpse_maggot":1,"minecraft:wooden_axe":9,"minecraft:apple":9,"minecraft:bread":2,"magistuarmory:steel_zweihander":109,"minecraft:stone_axe":63,"minecraft:potion":2,"minecraft:cobblestone":11,"minecraft:beef":5,"minecraft:sweet_berries":18,"minecraft:furnace":4,"minecraft:oak_boat":1,"tombstone:gift":6,"minecraft:cooked_beef":9,"minecraft:potato":11},"minecraft:dropped":{"minecraft:golden_boots":1,"minecraft:furnace":2,"alexsmobs:maggot":2,"minecraft:sweet_berries":7,"minecraft:cooked_beef":2,"minecraft:oak_log":16,"magistuarmory:iron_zweihander":1,"minecraft:glass_bottle":1,"minecraft:cobblestone":1,"minecraft:rotten_flesh":1,"minecraft:oak_planks":30,"minecraft:dirt":1,"minecraft:torch":6,"born_in_chaos_v1:corpse_maggot":14,"minecraft:golden_leggings":1,"minecraft:dried_kelp":1,"minecraft:chain":2,"minecraft:iron_bars":2,"tombstone:bone_needle":1,"minecraft:chainmail_leggings":1}},"DataVersion":3465}