{"stats":{"minecraft:dropped":{"minecraft:sweet_berries":7,"magistuarmory:iron_zweihander":1,"born_in_chaos_v1:corpse_maggot":14,"tombstone:bone_needle":1},"minecraft:custom":{"minecraft:interact_with_furnace":21,"minecraft:mob_kills":18,"minecraft:interact_with_crafting_table":14,"minecraft:damage_dealt_resisted":256,"minecraft:leave_game":2,"minecraft:time_since_death":34645,"minecraft:time_since_rest":34473,"minecraft:sprint_one_cm":26475,"minecraft:damage_taken":1350,"minecraft:walk_one_cm":133379,"minecraft:drop":10,"minecraft:damage_dealt":2683,"minecraft:damage_dealt_absorbed":26,"minecraft:talked_to_villager":1,"minecraft:fly_one_cm":35202,"minecraft:crouch_one_cm":5549,"minecraft:play_time":59040,"tombstone:undead_killed":3,"minecraft:deaths":4,"minecraft:sneak_time":1828,"minecraft:walk_under_water_one_cm":544,"minecraft:jump":704,"minecraft:interact_with_blast_furnace":6,"minecraft:walk_on_water_one_cm":264,"minecraft:total_world_time":59040,"minecraft:fall_one_cm":12225},"minecraft:mined":{"minecraft:crafting_table":2,"minecraft:torch":4,"minecraft:blast_furnace":1,"minecraft:cobblestone":2,"minecraft:spruce_leaves":7,"minecraft:wall_torch":1,"minecraft:furnace":2,"minecraft:iron_ore":13,"minecraft:sweet_berry_bush":16,"minecraft:spruce_log":12,"minecraft:coal_ore":44,"minecraft:stone":29,"minecraft:fern":1},"minecraft:crafted":{"minecraft:smooth_stone":3,"magistuarmory:steel_zweihander":1,"minecraft:spruce_planks":52,"minecraft:wooden_pickaxe":1,"magistuarmory:iron_zweihander":1,"minecraft:furnace":1,"minecraft:blast_furnace":1,"minecraft:stone":2,"minecraft:stone_axe":1,"magistuarmory:iron_shortsword":1,"minecraft:air":0,"magistuarmory:hilt":4,"magistuarmory:steel_shortsword":1,"magistuarmory:steel_ingot":8,"minecraft:stick":12,"minecraft:iron_ingot":21,"minecraft:stone_pickaxe":1,"minecraft:wooden_axe":1,"magistuarmory:leather_strip":6},"minecraft:used":{"minecraft:stone_pickaxe":81,"minecraft:wooden_pickaxe":10,"minecraft:rotten_flesh":7,"minecraft:torch":4,"minecraft:crafting_table":1,"minecraft:blast_furnace":1,"minecraft:wooden_axe":9,"minecraft:stone_axe":56,"minecraft:cobblestone":11,"minecraft:beef":5,"minecraft:sweet_berries":18,"tombstone:gift":2},"minecraft:killed":{"born_in_chaos_v1:fallen_chaos_knight":1,"undead_revamp2:thebeartamer":1,"born_in_chaos_v1:maggot":3,"minecraft:zombie":1,"born_in_chaos_v1:corpse_fly":8,"alexsmobs:fly":1,"minecraft:cow":3},"minecraft:killed_by":{"minecraft:zombie":2,"born_in_chaos_v1:fallen_chaos_knight":1},"minecraft:picked_up":{"born_in_chaos_v1:corpse_maggot":14,"minecraft:crafting_table":2,"minecraft:leather":5,"minecraft:string":2,"minecraft:beef":5,"minecraft:furnace":2,"minecraft:stick":2,"minecraft:raw_iron":11,"minecraft:stone":1,"minecraft:sweet_berries":23,"minecraft:torch":6,"tombstone:bone_needle":1,"minecraft:spruce_sapling":1,"born_in_chaos_v1:pieceofdarkmetal":2,"minecraft:blast_furnace":1,"minecraft:spruce_log":13,"minecraft:rotten_flesh":11,"sophisticatedbackpacks:copper_backpack":1,"alexsmobs:maggot":2,"minecraft:coal":87,"minecraft:cobblestone":30}},"DataVersion":3465}