{"stats":{"minecraft:dropped":{"minecraft:sweet_berries":7,"magistuarmory:iron_zweihander":1,"minecraft:torch":6,"born_in_chaos_v1:corpse_maggot":14,"tombstone:bone_needle":1},"minecraft:custom":{"minecraft:interact_with_furnace":27,"minecraft:mob_kills":36,"minecraft:interact_with_crafting_table":14,"minecraft:damage_dealt_resisted":303,"minecraft:leave_game":3,"minecraft:time_since_death":1693,"minecraft:sleep_in_bed":1,"minecraft:time_since_rest":1549,"minecraft:sprint_one_cm":110095,"minecraft:damage_taken":3272,"minecraft:walk_one_cm":261901,"minecraft:drop":11,"minecraft:damage_dealt":3533,"minecraft:damage_dealt_absorbed":26,"minecraft:talked_to_villager":1,"minecraft:fly_one_cm":44176,"minecraft:open_chest":18,"minecraft:crouch_one_cm":5549,"minecraft:play_time":82602,"tombstone:undead_killed":16,"minecraft:deaths":7,"minecraft:sneak_time":1828,"minecraft:walk_under_water_one_cm":544,"minecraft:jump":823,"minecraft:interact_with_blast_furnace":8,"minecraft:walk_on_water_one_cm":264,"minecraft:total_world_time":82602,"minecraft:fall_one_cm":14239},"minecraft:mined":{"minecraft:redstone_block":1,"minecraft:brewing_stand":3,"minecraft:crafting_table":2,"minecraft:torch":4,"minecraft:blast_furnace":2,"minecraft:cobblestone":2,"minecraft:spruce_leaves":7,"minecraft:wall_torch":1,"minecraft:spawner":7,"minecraft:lime_bed":1,"minecraft:furnace":3,"minecraft:carrots":1,"minecraft:iron_ore":13,"minecraft:sweet_berry_bush":16,"minecraft:spruce_log":12,"minecraft:coal_ore":47,"minecraft:iron_bars":1,"minecraft:stone":29,"minecraft:fern":1},"minecraft:crafted":{"minecraft:smooth_stone":3,"magistuarmory:steel_zweihander":1,"minecraft:spruce_planks":52,"minecraft:wooden_pickaxe":1,"magistuarmory:iron_zweihander":1,"minecraft:furnace":1,"minecraft:blast_furnace":1,"minecraft:stone":2,"minecraft:stone_axe":1,"magistuarmory:iron_shortsword":1,"minecraft:air":0,"magistuarmory:hilt":4,"magistuarmory:steel_shortsword":1,"magistuarmory:steel_ingot":8,"minecraft:stick":12,"minecraft:iron_ingot":21,"minecraft:stone_pickaxe":1,"minecraft:wooden_axe":1,"magistuarmory:leather_strip":6},"minecraft:used":{"minecraft:cooked_mutton":2,"minecraft:stone_pickaxe":98,"minecraft:wooden_pickaxe":10,"minecraft:redstone_block":1,"minecraft:rotten_flesh":7,"minecraft:torch":19,"minecraft:brewing_stand":1,"minecraft:crafting_table":1,"minecraft:carrot":8,"minecraft:blast_furnace":2,"minecraft:wooden_axe":9,"minecraft:apple":1,"magistuarmory:steel_zweihander":13,"minecraft:stone_axe":58,"minecraft:cobblestone":11,"minecraft:potion":1,"minecraft:beef":5,"minecraft:sweet_berries":18,"minecraft:furnace":2,"tombstone:gift":6,"minecraft:cooked_beef":3,"minecraft:potato":11},"minecraft:killed":{"born_in_chaos_v1:fallen_chaos_knight":1,"undead_revamp2:thehunter":1,"undead_revamp2:thebeartamer":1,"minecraft:creeper":1,"born_in_chaos_v1:maggot":5,"minecraft:skeleton":4,"minecraft:zombie":8,"born_in_chaos_v1:corpse_fly":8,"enemyexpansion:botfly":1,"alexsmobs:fly":1,"undead_revamp2:thespitter":1,"minecraft:cow":3},"minecraft:broken":{"minecraft:leather_boots":1},"minecraft:killed_by":{"minecraft:skeleton":2,"minecraft:zombie":3,"born_in_chaos_v1:fallen_chaos_knight":1},"minecraft:picked_up":{"born_in_chaos_v1:corpse_maggot":15,"minecraft:lime_bed":1,"minecraft:crafting_table":2,"minecraft:redstone_block":2,"minecraft:leather":5,"minecraft:oak_stairs":4,"minecraft:potion":1,"minecraft:oak_log":3,"undead_revamp2:huntereye":1,"minecraft:brewing_stand":3,"minecraft:gunpowder":2,"minecraft:string":2,"minecraft:leather_boots":2,"minecraft:bone":6,"minecraft:beef":5,"tombstone:bag_of_seeds":1,"minecraft:oak_planks":3,"minecraft:furnace":3,"minecraft:stick":2,"minecraft:raw_iron":11,"minecraft:stone":1,"minecraft:sweet_berries":23,"minecraft:torch":15,"tombstone:bone_needle":1,"minecraft:carrot":4,"minecraft:spruce_sapling":1,"born_in_chaos_v1:pieceofdarkmetal":2,"minecraft:blast_furnace":2,"minecraft:spruce_log":13,"minecraft:arrow":7,"minecraft:rotten_flesh":20,"minecraft:chainmail_leggings":1,"sophisticatedbackpacks:copper_backpack":1,"alexsmobs:maggot":2,"minecraft:iron_bars":2,"minecraft:coal":142,"minecraft:cobblestone":30}},"DataVersion":3465}