{"stats":{"minecraft:mined":{"minecraft:spruce_leaves":1,"minecraft:spruce_log":6},"minecraft:killed":{"born_in_chaos_v1:thornshell_crab":1},"minecraft:used":{"minecraft:wooden_sword":4,"minecraft:crafting_table":1,"alexsmobs:animal_dictionary":1},"minecraft:custom":{"minecraft:time_since_rest":5002,"minecraft:crouch_one_cm":23,"minecraft:play_time":5002,"minecraft:sprint_one_cm":2670,"minecraft:damage_taken":120,"minecraft:walk_one_cm":7059,"minecraft:sneak_time":19,"minecraft:mob_kills":1,"minecraft:jump":27,"minecraft:damage_dealt":94,"minecraft:time_since_death":5002,"minecraft:total_world_time":5002,"minecraft:interact_with_crafting_table":1,"minecraft:fall_one_cm":476,"minecraft:fly_one_cm":2813},"minecraft:picked_up":{"born_in_chaos_v1:spiny_shell":2,"minecraft:spruce_log":5,"born_in_chaos_v1:rotten_fish":2},"minecraft:crafted":{"minecraft:wooden_sword":1,"minecraft:crafting_table":1,"minecraft:spruce_planks":20,"minecraft:stick":8,"minecraft:wooden_pickaxe":1,"minecraft:wooden_axe":1}},"DataVersion":3465}