{"stats":{"minecraft:dropped":{"minecraft:stone":1,"minecraft:torch":9,"minecraft:potion":1,"tombstone:bone_needle":1,"sophisticatedbackpacks:copper_backpack":1,"minecraft:stone_pickaxe":1},"minecraft:custom":{"minecraft:interact_with_furnace":18,"minecraft:mob_kills":16,"minecraft:interact_with_crafting_table":12,"minecraft:damage_dealt_resisted":80,"minecraft:leave_game":3,"minecraft:time_since_death":4206,"minecraft:time_since_rest":3739,"minecraft:sprint_one_cm":63079,"minecraft:damage_taken":1895,"minecraft:walk_one_cm":198200,"minecraft:drop":14,"minecraft:damage_dealt":2238,"minecraft:swim_one_cm":14258,"minecraft:talked_to_villager":1,"minecraft:fly_one_cm":30253,"minecraft:open_chest":12,"minecraft:crouch_one_cm":23,"minecraft:play_time":66757,"tombstone:undead_killed":4,"minecraft:deaths":5,"minecraft:sneak_time":62,"minecraft:walk_under_water_one_cm":4490,"minecraft:jump":835,"minecraft:interact_with_blast_furnace":3,"minecraft:walk_on_water_one_cm":5857,"minecraft:total_world_time":66757,"minecraft:fall_one_cm":12696},"minecraft:mined":{"minecraft:torch":3,"minecraft:grass_block":1,"minecraft:spruce_leaves":3,"minecraft:wall_torch":2,"minecraft:iron_ore":11,"minecraft:spruce_log":6,"minecraft:tnt":1,"minecraft:iron_bars":5,"minecraft:coal_ore":26,"minecraft:stone":46},"minecraft:crafted":{"minecraft:wooden_sword":1,"minecraft:crafting_table":1,"minecraft:spruce_planks":20,"minecraft:wooden_pickaxe":1,"minecraft:iron_sword":1,"minecraft:furnace":2,"minecraft:stone":1,"minecraft:stick":12,"born_in_chaos_v1:fried_maggot":4,"minecraft:iron_ingot":3,"minecraft:stone_pickaxe":1,"minecraft:wooden_axe":1,"minecraft:stone_sword":1,"minecraft:torch":12,"tombstone:bone_needle":1},"minecraft:used":{"minecraft:iron_bars":5,"minecraft:stone_sword":49,"minecraft:cobblestone_stairs":2,"minecraft:stone_pickaxe":72,"minecraft:spruce_planks":2,"minecraft:wooden_pickaxe":18,"born_in_chaos_v1:fried_maggot":4,"minecraft:rotten_flesh":2,"minecraft:torch":10,"minecraft:dirt":1,"minecraft:tnt":2,"minecraft:crafting_table":1,"minecraft:oak_log":2,"born_in_chaos_v1:corpse_maggot":15,"minecraft:potion":1,"minecraft:wooden_sword":14,"minecraft:cobblestone":13,"born_in_chaos_v1:rotten_fish":2,"minecraft:sweet_berries":17,"minecraft:furnace":2,"tombstone:gift":2,"alexsmobs:animal_dictionary":2},"minecraft:killed":{"born_in_chaos_v1:swarmer":1,"born_in_chaos_v1:thornshell_crab":1,"enemyexpansion:direwolf":1,"minecraft:skeleton":1,"minecraft:zombie":2,"born_in_chaos_v1:corpse_fly":9},"minecraft:picked_up":{"born_in_chaos_v1:corpse_maggot":19,"minecraft:leather_leggings":1,"minecraft:oak_stairs":7,"minecraft:oak_log":18,"minecraft:gunpowder":2,"minecraft:cobblestone_stairs":2,"minecraft:dirt":1,"magistuarmory:iron_zweihander":1,"minecraft:bone":2,"minecraft:stone_bricks":19,"minecraft:kelp":11,"minecraft:cracked_stone_bricks":16,"minecraft:stone_pickaxe":1,"minecraft:raw_iron":13,"minecraft:sweet_berries":10,"minecraft:torch":10,"tombstone:bone_needle":1,"tombstone:grave_dust":2,"minecraft:spruce_log":5,"minecraft:tnt":1,"minecraft:arrow":1,"minecraft:rotten_flesh":8,"born_in_chaos_v1:spiny_shell":2,"sophisticatedbackpacks:copper_backpack":1,"born_in_chaos_v1:rotten_fish":2,"minecraft:iron_bars":5,"minecraft:coal":26,"minecraft:cobblestone":46},"minecraft:killed_by":{"born_in_chaos_v1:decaying_zombie":1,"minecraft:zombie":1,"born_in_chaos_v1:fallen_chaos_knight":2,"undead_revamp2:thespitter":1}},"DataVersion":3465}