{"stats":{"minecraft:picked_up":{"minecraft:raw_iron":13,"born_in_chaos_v1:corpse_maggot":19,"minecraft:sweet_berries":10,"minecraft:torch":1,"tombstone:bone_needle":1,"tombstone:grave_dust":2,"minecraft:spruce_log":5,"minecraft:dirt":1,"magistuarmory:iron_zweihander":1,"minecraft:bone":2,"minecraft:arrow":1,"minecraft:rotten_flesh":4,"minecraft:kelp":11,"minecraft:stone_pickaxe":1,"born_in_chaos_v1:spiny_shell":2,"sophisticatedbackpacks:copper_backpack":1,"born_in_chaos_v1:rotten_fish":2,"minecraft:coal":26,"minecraft:cobblestone":46},"minecraft:dropped":{"minecraft:stone":1,"tombstone:bone_needle":1,"sophisticatedbackpacks:copper_backpack":1,"minecraft:stone_pickaxe":1},"minecraft:custom":{"minecraft:time_since_rest":31987,"minecraft:interact_with_furnace":18,"minecraft:sprint_one_cm":29270,"minecraft:damage_taken":1630,"minecraft:walk_one_cm":148418,"minecraft:mob_kills":15,"minecraft:drop":4,"minecraft:damage_dealt":2238,"minecraft:talked_to_villager":1,"minecraft:swim_one_cm":14258,"minecraft:interact_with_crafting_table":12,"minecraft:fly_one_cm":24071,"minecraft:crouch_one_cm":23,"minecraft:play_time":53759,"tombstone:undead_killed":3,"minecraft:deaths":4,"minecraft:sneak_time":62,"minecraft:walk_under_water_one_cm":4490,"minecraft:interact_with_blast_furnace":3,"minecraft:damage_dealt_resisted":80,"minecraft:jump":748,"minecraft:walk_on_water_one_cm":5665,"minecraft:leave_game":3,"minecraft:time_since_death":32771,"minecraft:total_world_time":53759,"minecraft:fall_one_cm":9882},"minecraft:killed_by":{"born_in_chaos_v1:decaying_zombie":1,"born_in_chaos_v1:fallen_chaos_knight":2,"minecraft:zombie":1},"minecraft:mined":{"minecraft:iron_ore":11,"minecraft:spruce_log":6,"minecraft:torch":2,"minecraft:grass_block":1,"minecraft:coal_ore":26,"minecraft:spruce_leaves":3,"minecraft:stone":46},"minecraft:crafted":{"minecraft:wooden_sword":1,"minecraft:crafting_table":1,"born_in_chaos_v1:fried_maggot":4,"minecraft:spruce_planks":20,"minecraft:stick":12,"minecraft:iron_ingot":3,"minecraft:wooden_pickaxe":1,"minecraft:stone_pickaxe":1,"minecraft:wooden_axe":1,"minecraft:stone_sword":1,"minecraft:iron_sword":1,"minecraft:furnace":2,"minecraft:stone":1,"minecraft:torch":12,"tombstone:bone_needle":1},"minecraft:killed":{"minecraft:skeleton":1,"minecraft:zombie":1,"born_in_chaos_v1:corpse_fly":9,"born_in_chaos_v1:swarmer":1,"born_in_chaos_v1:thornshell_crab":1,"enemyexpansion:direwolf":1},"minecraft:used":{"born_in_chaos_v1:corpse_maggot":15,"minecraft:stone_sword":49,"minecraft:stone_pickaxe":72,"minecraft:wooden_pickaxe":13,"born_in_chaos_v1:fried_maggot":4,"minecraft:rotten_flesh":2,"minecraft:torch":4,"minecraft:wooden_sword":14,"minecraft:cobblestone":13,"born_in_chaos_v1:rotten_fish":2,"minecraft:sweet_berries":17,"minecraft:crafting_table":1,"minecraft:furnace":2,"alexsmobs:animal_dictionary":2,"tombstone:gift":2}},"DataVersion":3465}