{"stats":{"minecraft:broken":{"minecraft:golden_boots":1,"minecraft:leather_boots":1,"minecraft:leather_leggings":1},"minecraft:killed":{"born_in_chaos_v1:baby_skeleton":1,"born_in_chaos_v1:swarmer":1,"born_in_chaos_v1:thornshell_crab":1,"enemyexpansion:direwolf":1,"born_in_chaos_v1:maggot":3,"minecraft:skeleton":4,"minecraft:zombie":16,"born_in_chaos_v1:corpse_fly":11,"enemyexpansion:botfly":3,"undead_revamp2:therod":2},"minecraft:killed_by":{"born_in_chaos_v1:decaying_zombie":1,"undead_revamp2:thehunter":1,"undead_revamp2:the_moonflower":1,"undead_revamp2:therod":1,"minecraft:skeleton":1,"minecraft:zombie":2,"born_in_chaos_v1:fallen_chaos_knight":2,"undead_revamp2:thespitter":1},"minecraft:mined":{"minecraft:torch":5,"minecraft:grass_block":1,"minecraft:spruce_leaves":3,"minecraft:wall_torch":5,"minecraft:iron_ore":11,"minecraft:spruce_log":6,"minecraft:tnt":1,"minecraft:coal_ore":26,"minecraft:iron_bars":7,"minecraft:stone":46},"minecraft:picked_up":{"born_in_chaos_v1:corpse_maggot":22,"minecraft:cooked_beef":2,"minecraft:leather_leggings":1,"minecraft:oak_stairs":7,"undead_revamp2:huntereye":1,"minecraft:string":1,"minecraft:oak_log":18,"minecraft:golden_boots":2,"minecraft:gunpowder":2,"minecraft:cobblestone_stairs":2,"minecraft:music_disc_cat":1,"minecraft:dirt":1,"magistuarmory:iron_zweihander":1,"minecraft:leather_boots":1,"minecraft:bone":5,"minecraft:bow":1,"minecraft:stone_bricks":21,"minecraft:kelp":11,"minecraft:cracked_stone_bricks":16,"minecraft:iron_ingot":1,"minecraft:stone_pickaxe":3,"minecraft:iron_nugget":5,"minecraft:mangrove_log":2,"minecraft:raw_iron":13,"minecraft:sweet_berries":10,"minecraft:copper_ingot":4,"minecraft:torch":15,"tombstone:bone_needle":1,"tombstone:grave_dust":5,"minecraft:spruce_log":5,"minecraft:tnt":1,"minecraft:arrow":4,"minecraft:rotten_flesh":22,"minecraft:chainmail_leggings":1,"born_in_chaos_v1:spiny_shell":2,"sophisticatedbackpacks:copper_backpack":1,"born_in_chaos_v1:rotten_fish":2,"minecraft:iron_bars":6,"minecraft:coal":26,"minecraft:cobblestone":46},"minecraft:custom":{"minecraft:interact_with_furnace":18,"minecraft:mob_kills":44,"minecraft:play_record":2,"minecraft:interact_with_crafting_table":12,"minecraft:damage_dealt_resisted":145,"minecraft:leave_game":4,"minecraft:time_since_death":1552,"minecraft:time_since_rest":793,"minecraft:sprint_one_cm":152931,"minecraft:damage_taken":4201,"minecraft:walk_one_cm":373585,"minecraft:drop":18,"minecraft:damage_dealt":3778,"minecraft:swim_one_cm":14258,"minecraft:talked_to_villager":1,"minecraft:fly_one_cm":40677,"minecraft:open_chest":33,"minecraft:crouch_one_cm":23,"minecraft:play_time":96529,"tombstone:undead_killed":24,"minecraft:deaths":10,"minecraft:sneak_time":62,"minecraft:walk_under_water_one_cm":4490,"minecraft:jump":915,"minecraft:interact_with_blast_furnace":3,"minecraft:walk_on_water_one_cm":5857,"minecraft:total_world_time":96529,"minecraft:fall_one_cm":13726},"minecraft:dropped":{"minecraft:oak_log":16,"minecraft:ender_pearl":1,"minecraft:stone":1,"minecraft:torch":9,"minecraft:potion":1,"tombstone:bone_needle":1,"sophisticatedbackpacks:copper_backpack":1,"minecraft:stone_pickaxe":2,"minecraft:chainmail_leggings":1},"minecraft:used":{"minecraft:iron_bars":5,"minecraft:stone_sword":49,"minecraft:cobblestone_stairs":2,"minecraft:stone_pickaxe":72,"minecraft:iron_sword":10,"minecraft:spruce_planks":2,"minecraft:wooden_pickaxe":25,"magistuarmory:iron_zweihander":17,"born_in_chaos_v1:fried_maggot":4,"minecraft:cooked_chicken":1,"minecraft:rotten_flesh":3,"minecraft:torch":22,"minecraft:dirt":1,"minecraft:music_disc_cat":2,"minecraft:tnt":2,"minecraft:crafting_table":1,"minecraft:oak_log":2,"born_in_chaos_v1:corpse_maggot":18,"minecraft:apple":6,"minecraft:bow":2,"minecraft:cobblestone":13,"minecraft:potion":1,"minecraft:wooden_sword":14,"born_in_chaos_v1:rotten_fish":2,"minecraft:sweet_berries":17,"minecraft:furnace":2,"tombstone:gift":3,"alexsmobs:animal_dictionary":4,"minecraft:cooked_beef":5},"minecraft:crafted":{"minecraft:wooden_sword":1,"minecraft:crafting_table":1,"minecraft:spruce_planks":20,"minecraft:wooden_pickaxe":1,"minecraft:iron_sword":1,"minecraft:furnace":2,"minecraft:stone":1,"minecraft:stick":12,"born_in_chaos_v1:fried_maggot":4,"minecraft:iron_ingot":3,"minecraft:stone_pickaxe":1,"minecraft:wooden_axe":1,"minecraft:stone_sword":1,"minecraft:torch":12,"tombstone:bone_needle":1}},"DataVersion":3465}